Parth,parth123,NewYork,Delhi
Sahil,sahil123,Delhi,Sydney
Gaurav,gaurav123,Tokyo,Sydney
Avinash,avinash123,Delhi
Aryan,aryan123,Delhi,Tokyo
Somling,somling123,Delhi,Bangalore
